userId,firstName,lastName
1,Ebonee,Salchunas
2,Harrietta,Ellord
3,Rosaline,Zetta
4,Grier,Hilbert
5,Misha,Leopold
6,Catharine,McCutcheon
7,Averyl,Pearse
8,Tarra,Daegal
9,Etta,Naashom
10,Eadie,Ellerey
11,Ayn,Bobbee
12,Tierney,Norrie
13,Nessie,Rhu
14,Fayre,Salvidor
15,Carol-Jean,Strephon
16,Chere,Smitt
17,Feliza,Tillford
18,Inga,Oster
19,Betta,Grosz
20,Pearline,Roumell
21,Justinn,Rogerio
22,Correy,Grobe
23,Jacenta,Danby
24,Janis,Lalitta
25,Kenna,Pond
26,Myrtice,Chapland
27,Abbie,Liebermann
28,Danny,Richers
29,Evaleen,Deegan
30,Ilse,Silvan
31,Wendi,Lunsford
32,Dione,Aida
33,Karolina,Lattie
34,Evaleen,Zaslow
35,Flo,Drisko
36,Bibby,Gower
37,Donetta,Ioab
38,Charmaine,Bebe
39,Correy,Clarissa
40,Iseabal,Aida
41,Valli,Jammal
42,Kalina,Jalbert
43,Mamie,Malanie
44,Gavrielle,Socha
45,Latisha,Kevon
46,Neila,Zitvaa
47,Fred,Toni
48,Cordi,Tjon
49,Lyssa,Wattenberg
50,Dari,Bow
51,Ninnetta,Fitzsimmons
52,Peri,Malina
53,Noelle,Wenoa
54,Ezmeralda,Adore
55,Kirstin,Hedve
56,Johna,Keily
57,Iseabal,Ferrell
58,Marti,Selway
59,Peri,Corabella
60,Perry,Janene
61,Kalina,Marden
62,Myriam,Destinee
63,Dari,Devlen
64,Ruthe,Irmine
65,Alisha,Berne
66,Kirbee,Terrence
67,Dode,Robertson
68,Emelina,Iphlgenia
69,Cissiee,Amand
70,Elora,Douglass
71,Zsa Zsa,Kat
72,Gusty,Elisha
73,Dorene,Chandler
74,Lanna,Regan
75,Thalia,Kirstin
76,Farrah,Sawtelle
77,Quintina,Bibi
78,Teriann,Cyrie
79,Millie,Neils
80,Paola,Alabaster
81,Sophia,Yuille
82,Lesly,Tacye
83,Krystle,Justinn
84,Letizia,Garrison
85,Linet,Chinua
86,Morganica,Edmund
87,Harmonia,Felizio
88,Sabina,Rooney
89,Fayre,Giff
90,Jan,Ambrosia
91,Penelopa,Zrike
92,Ermengarde,Diann
93,Nelle,Thunell
94,Robbi,Drisko
95,Arlena,Jethro
96,Joy,Nickola
97,Brena,Wind
98,Dominga,Seessel
99,Tilly,Schenck
100,Nollie,Ephrem
101,Ericka,Berard
102,Hildegaard,Malina
103,Elise,Leffen
104,Melanie,Greyson
105,Aimil,Delp
106,Elka,Barbey
107,Candy,Federica
108,Averyl,Adrienne
109,Nannie,O'Neill
110,Jessy,Amethist
111,Emma,Kermit
112,Christian,Tamar
113,Britte,Freddi
114,Jenda,Justinn
115,Penelopa,Edvard
116,Phedra,Tiffa
117,Gertrud,Ioab
118,Myriam,Madox
119,Latisha,Harday
120,Alyssa,Schroth
121,Therine,Zenas
122,Dorothy,Moina
123,Rani,Orlene
124,Beatriz,Juliet
125,Dorice,Lanita
126,Maisey,Hunfredo
127,Frieda,Lutero
128,Myrtice,Brunell
129,Tina,Edee
130,Kayla,Wyn
131,Mady,Shaddock
132,Patricia,Avi
133,Alyda,Daegal
134,Stacey,Mitzi
135,Eugine,Phaidra
136,Stevana,Tufts
137,Micheline,Burch
138,Mignon,Monk
139,Marleah,Hortensia
140,Averyl,Rubie
141,Averyl,Lipson
142,Lenna,Lunsford
143,Josephine,Bord
144,Lita,Gherardo
145,Tori,Desai
146,Nyssa,Anestassia
147,Aryn,Llovera
148,Gwyneth,Noman
149,Jobi,Levey
150,Aurelie,Rubie
151,Penelopa,Blase
152,Catharine,Fairweather
153,Ursulina,Mich
154,Aurelie,Brandice
155,Inga,Justinn
156,Lory,Leonard
157,Chere,Carmena
158,Vanessa,Sparhawk
159,Kayla,Brenn
160,Lenna,Ulphia
161,Orelia,Bach
162,Lelah,Amasa
163,Moyna,Bari
164,Briney,Adrienne
165,Dale,Ball
166,Sindee,Nelsen
167,Tina,Cullin
168,Tera,Fancie
169,Glynnis,Sothena
170,Blondelle,Drisko
171,Brianna,Hewitt
172,Cacilie,Jacobah
173,Darci,Clarissa
174,Sherrie,Maples
175,Ellette,Kamaria
176,Cam,Rustice
177,Emma,Cookie
178,Lory,Maples
179,Ulrike,Astra
180,Beverley,Keelia
181,Linet,Sadowski
182,Devina,Aida
183,Krystle,Roarke
184,Joleen,Keily
185,Nannie,Fairweather
186,Lila,Hull
187,Agathe,Stuart
188,Jobi,Latini
189,Florie,Weide
190,Damaris,Stuart
191,Dominga,Brady
192,Dotty,Fillbert
193,Glynnis,Hilbert
194,Catharine,Lowry
195,Odessa,Beniamino
196,Verla,Garbe
197,Konstance,Decato
198,Selia,Jefferey
199,Kamilah,Naashom
200,Noelle,Ilka
201,Tatiania,Johnsson
202,Corene,Etom
203,Lily,Maiah
204,Briney,Wind
205,Allis,Ricki
206,Addia,Jaylene
207,Amara,Sabella
208,Gabi,Rese
209,Emilia,Lewes
210,Emelina,Rossner
211,Misha,Japeth
212,Alejandra,Bonilla
213,Natka,Dex
214,Bill,Hailee
215,Aili,Cordi
216,Georgetta,Carmena
217,Pamella,Edvard
218,Viki,Hertzfeld
219,Albertina,Fiann
220,Merry,Dosia
221,Sissy,Ellerey
222,Marika,Chobot
223,Daune,Cosenza
224,Zsa Zsa,Thema
225,Jerry,Ephrem
226,Halette,Stav
227,Frances,Eliathas
228,Dale,Federica
229,Melanie,Brieta
230,Ermengarde,Erb
231,Krystle,Maribeth
232,Michaelina,Secrest
233,Cyb,Paine
234,Kimmy,Concha
235,Suzette,Bandeen
236,Peri,Jerald
237,Fred,Waldron
238,Penelopa,Linehan
239,Lanna,Rosalba
240,Sidoney,Charmine
241,Suzette,Bultman
242,Codie,Calhoun
243,Ana,Parette
244,Inga,Oriana
245,Roz,Payson
246,Ardenia,Niles
247,Nikki,Friede
248,Tiffie,Evangelia
249,Collen,Karylin
250,Monika,Girardo
251,Jessy,Fleeta
252,Arlena,Valerio
253,Georgina,Deegan
254,Laurene,Alfons
255,Catrina,Gregrory
256,Cherrita,Roscoe
257,Almeta,Neils
258,Celisse,Johnsson
259,Dulce,Killigrew
260,Wileen,Vins
261,Blake,Morrill
262,Bertine,Virgin
263,Sindee,Bonilla
264,Fawne,Masao
265,Dode,Erskine
266,Cathyleen,Amethist
267,Kimberley,Elo
268,Rivalee,Ephrem
269,Dianemarie,Pascia
270,Carly,Amand
271,Lesly,Durante
272,Carly,Weaks
273,Lindie,Raffo
274,Kathy,Brieta
275,Yetty,Bakerman
276,June,Ortrude
277,Jobi,Riordan
278,Ginnie,Klemperer
279,Basia,Ashely
280,Antonietta,Ardeha
281,Starla,Presber
282,Nariko,Esmaria
283,Ayn,Thomasina
284,Atlanta,Hanleigh
285,Elbertina,Anderea
286,Christal,Miru
287,Celestyna,Allys
288,Bernie,Helfand
289,Blinni,Lissi
290,Dianemarie,Munn
291,Rayna,Emmaline
292,Theodora,Kamaria
293,Latisha,Holtz
294,Rebeca,Krystle
295,Gavrielle,Vilma
296,Robbi,Penelopa
297,Priscilla,Aida
298,Gretal,Naor
299,Oona,Tjon
300,Maye,Helfand
301,Winifred,Chabot
302,Jean,Chick
303,Clarice,O'Rourke
304,Marika,Sherfield
305,Arabel,Pattin
306,Ebonee,Teryn
307,Romona,Buffum
308,Ottilie,Seagraves
309,Kara-Lynn,Alice
310,Jinny,Auberbach
311,Allis,Codding
312,Patricia,Koziara
313,Evita,Jary
314,Corry,Rodmann
315,Sidoney,Graig
316,Goldie,Arvo
317,Rivalee,Behre
318,Genevra,Tannie
319,Sara-Ann,Gaynor
320,Sharai,Pillsbury
321,Amalie,Parette
322,Dorothy,Cassius
323,Elora,Margret
324,Georgina,Paine
325,Nonnah,Lindemann
326,Nananne,Allina
327,Pollyanna,Nisbet
328,Renae,Verger
329,Nadine,Ortrude
330,Elmira,Dorcy
331,Jacquetta,Bevin
332,Debee,Skurnik
333,Georgetta,Alice
334,Elena,Gilmour
335,Perry,Bettine
336,Mellicent,Adrienne
337,Olwen,Earlie
338,Dari,Lunsford
339,Marline,Bigner
340,Ira,Gualtiero
341,Stacey,Cimbura
342,Rosabelle,Gunn
343,Catharine,Nicoline
344,Edith,Vorster
345,Petronia,Raffo
346,Farrah,Hieronymus
347,Jerry,Oriana
348,Donnie,Alrich
349,Valli,Cosenza
350,Pollyanna,Zola
351,Sara-Ann,Wareing
352,Merle,Salchunas
353,Fanchon,Cullin
354,Rosaline,Jerald
355,Sara-Ann,Linskey
356,Chickie,Riva
357,Doro,Decato
358,Corene,Ledah
359,Sashenka,Lynn
360,Donetta,Cavan
361,Angela,Jacinda
362,Jordan,Goerke
363,Babita,Gherardo
364,Silvana,Catie
365,Fidelia,Seligman
366,Tori,Yate
367,Maryellen,Dannye
368,Fernande,Lissi
369,Elora,Tice
370,Konstance,Sancho
371,Shandie,Saint
372,Inga,Serilda
373,Kristan,Rosette
374,Ulrike,Bury
375,Lexine,Federica
376,Lulita,Sherfield
377,Loree,Allys
378,Queenie,Turne
379,Carilyn,Uird
380,Brandise,Teryn
381,Gianina,Turne
382,Carly,Marisa
383,Marguerite,Jaylene
384,Jere,Miru
385,Rubie,Ashely
386,Talya,Medrek
387,Marguerite,Zrike
388,Sharlene,Lacombe
389,Kittie,Land
390,Jaime,Kolnick
391,Amii,Janith
392,Viviene,Minetta
393,Nataline,Greenwald
394,Felice,Drus
395,Lucy,Emmy
396,Zondra,Bryna
397,Sybille,Jarib
398,Hildegaard,Brandice
399,Olivette,Hutchison
400,Gilda,Schroth
401,Dennie,Vivle
402,Lanae,Japeth
403,Rani,Wildermuth
404,Elmira,Garrison
405,Violet,Cloris
406,Joeann,Penelopa
407,Morganica,Annabella
408,Tatiania,Silvan
409,Deloria,Colleen
410,Giustina,McCutcheon
411,Jessamyn,Lanita
412,Thalia,Merat
413,Kirbee,Louanna
414,Addia,Fairweather
415,Carly,Land
416,Sashenka,Gale
417,Fayre,Santoro
418,Tierney,Ade
419,Calla,Sasnett
420,Nikki,Decato
421,Norine,Brenn
422,Penelopa,Edmund
423,Mariann,Ashely
424,Rori,Darian
425,Edyth,Viddah
426,Selma,Kesley
427,Rosanne,Bollay
428,Raf,Kravits
429,Maurene,Wind
430,Paola,Orpah
431,Kelly,Dudley
432,Aeriela,Marisa
433,Bibby,Iphlgenia
434,Inga,Margarete
435,Kittie,Kalinda
436,Zondra,Natalia
437,Angelique,Bluh
438,Andree,Erminia
439,Rhea,Hanshaw
440,Mallory,Ilka
441,Clary,Madelene
442,Shaylyn,Havens
443,Annabela,Lucienne
444,Lynnea,Manolo
445,Sabina,Audly
446,Kate,Merat
447,Calla,Armanda
448,Monika,Liva
449,Vita,Mitzi
450,Caressa,Trinetta
451,Kamilah,Peti
452,Wanda,Alva
453,Augustine,Nore
454,Michaelina,Adrienne
455,Lisette,Raffo
456,Kirstin,Xerxes
457,Christal,Jorgan
458,Fidelia,Hepsibah
459,Margette,Afton
460,Marylou,Kravits
461,Rochette,Eugenia
462,Corly,Kunin
463,Ginnie,Oriana
464,Dulcinea,Marijo
465,Gavrielle,Candy
466,Delilah,Decato
467,Tamqrah,Michella
468,Jaime,Ochs
469,Janey,Rooney
470,Louella,Mathilde
471,Mireielle,Aprile
472,Mellicent,Trey
473,Corly,Lalitta
474,Annaliese,Palocz
475,Livvyy,Chandler
476,Xylina,Mozelle
477,Dale,Lowry
478,Paola,Celestine
479,Arlina,Amadas
480,Alyda,Millda
481,Maurene,Madox
482,Lynnea,Drus
483,Randa,Alwin
484,Atlanta,Chaing
485,Sherrie,Chrystel
486,Tori,Dimitris
487,Lanae,Bennie
488,Hope,Ralfston
489,Jessy,Abram
490,Jenilee,Fitzsimmons
491,Christian,Merna
492,Lonnie,Ferino
493,Aubrie,McLaughlin
494,Adelle,Milson
495,Leeanne,McGrody
496,Ottilie,Grosz
497,Marita,Decato
498,Felice,Lareena
499,Dawn,Neils
500,Alejandra,Rogerio
501,Katuscha,Read
502,Adelle,Hortensia
503,Bettine,Thornburg
504,Elmira,Margret
505,Vere,Kunin
506,Chere,Huggins
507,Britni,Quent
508,Corly,Agle
509,Cristabel,Vorster
510,Shauna,Scammon
511,Orsola,Genna
512,Nananne,Tannie
513,Maurene,Cassius
514,Audrie,Lynn
515,Riannon,Nicoline
516,Vanessa,Willie
517,Nikki,Vorster
518,Tonia,Haldas
519,Nikki,Meli
520,Amelia,Gibbeon
521,Ida,Bebe
522,Amara,Olnee
523,Jobi,Bollay
524,Mamie,Frodi
525,Marnia,Peonir
526,Fanny,Keelia
527,Cassandra,Gower
528,Julieta,Juan
529,Bobbi,Frodi
530,Magdalena,Ehrman
531,Margette,Campball
532,Gaylene,Aldric
533,Eugine,Fiann
534,Dacia,Natalia
535,Elora,Mauer
536,Lyssa,Zaslow
537,Penelopa,Elvyn
538,Orelia,Hillel
539,Glenda,Norvol
540,Gavrielle,Vilma
541,Anica,Niccolo
542,Chere,Adlare
543,Beatriz,Lacombe
544,Gwenneth,Newell
545,Jere,Johnsson
546,Kara-Lynn,Donoghue
547,Helena,Othilia
548,Tamqrah,Scammon
549,Cyb,Kathie
550,Amii,Niles
551,Rosabelle,Aaberg
552,Kaja,Florina
553,Gabriellia,Presber
554,Elbertina,Chaing
555,Ellette,Yusuk
556,Wilma,Oscar
557,Chere,McClimans
558,Emmey,Felecia
559,Alex,Land
560,Fanny,Dearborn
561,Lindie,Tjon
562,Sarette,Magnolia
563,Wilma,Kannry
564,Letizia,Koehler
565,Janey,Blisse
566,Georgetta,Hertzfeld
567,Ermengarde,Velick
568,Wileen,Voletta
569,Gratia,Skurnik
570,Ginnie,Ferino
571,Gale,Screens
572,Judy,Socha
573,Michaelina,Carey
574,Eadie,Hurley
575,Dede,Suanne
576,Flo,Ephrem
577,Allis,Jobi
578,Tersina,Kat
579,Kamilah,Radu
580,Briney,Peti
581,Neila,Shaver
582,Olwen,Ball
583,Kimberley,Etom
584,Demetris,Baptlsta
585,Annecorinne,Quent
586,Robbi,Lareena
587,Vita,Lynn
588,Ida,Allina
589,Alyda,Lytton
590,Clo,Natica
591,Sarette,Nicoline
592,Renae,Heidt
593,Feliza,Schlosser
594,Fred,Kauppi
595,Damaris,Dichy
596,Nyssa,Flyn
597,Sidoney,Beebe
598,Collen,Breed
599,Bill,Helve
600,Hannis,Bandeen
601,Di,Secrest
602,Johna,Amadas
603,Chrystel,Behre
604,Sara-Ann,Mallon
605,Aeriela,Oneida
606,Zsa Zsa,Bates
607,Gui,Junie
608,Vinita,Sallyann
609,Renae,Gavrila
610,Asia,Jehu
611,Teddie,Giff
612,Minne,Joni
613,Cristine,Randene
614,Judy,Lenny
615,Zaria,Margarete
616,Meriel,Bendick
617,Oona,Edmund
618,Korrie,Izaak
619,Mary,Atcliffe
620,Kore,Marisa
621,Hannis,Chinua
622,Eadie,Narton
623,Coral,Bakerman
624,Jorry,Roarke
625,Xylina,Hoban
626,Danika,Kunin
627,Darci,Rustice
628,Annabela,Blake
629,Mariele,Huggins
630,Carmela,Grimbly
631,Correy,Blisse
632,Danny,Brackely
633,Eve,Schroth
634,Marinna,Wu
635,Claudina,Ricarda
636,Kimberley,McAdams
637,Helsa,Grimbly
638,Belva,Swigart
639,Hannis,Pattin
640,Tarra,Jena
641,Yetty,Konyn
642,Selma,Andrel
643,Vita,Faso
644,Daryl,Bari
645,Aryn,Girardo
646,Elbertina,Pulsifer
647,Krystle,Center
648,Lexine,Swanhildas
649,Dorice,Lytton
650,Jean,Kirbee
651,Deirdre,Garbe
652,Katleen,Swanhildas
653,Anthia,Forrer
654,Nessie,Vorster
655,Jan,Genna
656,Karolina,Huggins
657,Blinni,Pascia
658,Esmeralda,Cordi
659,Nataline,Parette
660,Janenna,Tryck
661,Alia,Hull
662,Violet,Amethist
663,Ardys,Dawkins
664,Marylou,Felizio
665,Mallory,Maribeth
666,Margette,Rona
667,Gusella,Janith
668,Asia,Carmena
669,Violet,Fennessy
670,Marjie,Brodench
671,Shirlee,Emmaline
672,Blake,Brodench
673,Corry,Ortrude
674,Layla,Jena
675,Nananne,Olympium
676,Priscilla,Heisel
677,Kathy,Papageno
678,Riannon,Rosalba
679,Di,Reinke
680,Vanessa,Wilkinson
681,Annaliese,Larochelle
682,Aeriela,Roscoe
683,Shauna,Maroney
684,Romona,Cosenza
685,Ileana,Christal
686,Merry,Hartnett
687,Alie,Pillsbury
688,Sidoney,Linehan
689,Heddie,Mott
690,Tami,Timon
691,Romona,Madelene
692,Roslyn,Quent
693,Doralynne,Bartlett
694,Marline,Malina
695,Madeleine,Gunn
696,Pamella,Arne
697,Jackie,Aurelio
698,Imojean,Felecia
699,Lilith,Morgun
700,Tybie,Nahum
701,Viki,Duwalt
702,Phylis,Tomasina
703,Lita,Florina
704,Lucille,Narton
705,Elsie,Dearborn
706,Darci,Eachern
707,Etta,Girardo
708,Trudie,Forrer
709,Corry,Percy
710,Jordan,Natalia
711,Hallie,Lowry
712,Gusella,Lory
713,Elise,Slifka
714,Lelah,Scammon
715,Jordan,Tarrant
716,Tonia,Wallis
717,Leona,Gregrory
718,Marika,Swigart
719,Winny,Loring
720,Codie,Means
721,Benita,Tryck
722,Leontine,Obed
723,Willetta,Dorcy
724,Eugine,Colp
725,Talya,Rillings
726,Jaclyn,Berriman
727,Lelah,Ulphia
728,Camile,Taam
729,Flo,Chick
730,Krystle,Idelia
731,Marika,Kendrick
732,Inga,Pattin
733,Aurore,Kylander
734,Linet,Erminia
735,Joeann,Lane
736,Evita,Atonsah
737,Robbi,Birdella
738,Sara-Ann,Hurley
739,Dawn,Lenny
740,Esmeralda,Seligman
741,Violet,Kesley
742,Dione,Vittoria
743,Sheree,Ovid
744,Cassandra,Bobbee
745,Nollie,Ax
746,Georgina,Vilma
747,Regina,Hamil
748,Eve,Monk
749,Ermengarde,Amethist
750,Sybille,Carbo
751,Karina,Auberbach
752,Debee,Monaco
753,Devina,Cosenza
754,Allyce,Flita
755,Annice,Sandye
756,Elka,Keelia
757,Ariela,Pond
758,Feliza,Dalli
759,Kelly,Prouty
760,Melanie,Carlson
761,Jolyn,Fillbert
762,Cyb,Gaulin
763,Marleah,Chem
764,Sharlene,Bevin
765,Lynea,Brandice
766,Karlee,Means
767,Nita,Thunell
768,Mary,Latini
769,Sue,Lynn
770,Chrystel,Gale
771,Berta,Tomasina
772,Cristabel,Travax
773,Alameda,Guildroy
774,Dagmar,Ailyn
775,Oralee,Myrilla
776,Isa,Beebe
777,Corry,Cornelia
778,Fayre,Susannah
779,Tierney,Curren
780,Maryellen,Erlandson
781,Correy,Salchunas
782,Reeba,Ball
783,Liana,Randene
784,Emylee,Mich
785,Marti,Jaylene
786,Carmela,Swigart
787,Stevana,Kathie
788,Emelina,Crudden
789,Dolli,Millda
790,Barbara,Mauer
791,Maryellen,Gwenore
792,Sam,Clywd
793,Josephine,Rodmann
794,Tami,Randene
795,Annora,Wittie
796,Ardys,Yuille
797,Augustine,Duwalt
798,Mireielle,Infield
799,Gertrud,Teryn
800,Lynde,Earlie
801,Paola,Oriana
802,Claudina,Fabiola
803,Kenna,Guthrie
804,Stacey,Reidar
805,Melodie,Levey
806,Susan,Han
807,Karlee,Kauppi
808,Addia,Alwin
809,Roberta,Tufts
810,Alejandra,Magnolia
811,Hyacinthe,Kauppi
812,Katleen,Alwin
813,Jere,Swigart
814,Inga,Haldas
815,Barbi,Vharat
816,Roxane,Tippets
817,Kara-Lynn,Dermott
818,Jobi,Brunell
819,Sabina,Jaylene
820,Jolyn,August
821,Rozele,Chaing
822,Sean,Tomasina
823,Cissiee,Hailee
824,Mara,Bevin
825,Antonietta,Wareing
826,Belva,Erskine
827,Ebonee,Desai
828,Ardeen,Caitlin
829,Fidelia,Taima
830,Gertrud,Donoghue
831,Dawn,Masao
832,Ilse,Brieta
833,Christal,Shaver
834,Therine,Adrienne
835,Isa,Stilwell
836,Corina,Germann
837,Molli,Ax
838,Hollie,Franza
839,Susan,Sacken
840,Marti,Boycey
841,Almeta,Lubin
842,Giustina,Lindemann
843,Bibby,Gilmour
844,Doro,Goldina
845,Max,Rubie
846,Rani,O'Carroll
847,Helena,Regan
848,Britte,Imelida
849,Wileen,Allys
850,Viki,Ax
851,Berta,Stevy
852,Dania,Riordan
853,Halette,Campball
854,Coral,Granoff
855,Augustine,Bouchard
856,Evaleen,Dielu
857,Shaine,Kirstin
858,Brynna,Ovid
859,Heddie,Soneson
860,Laurene,Cherianne
861,Caressa,Wind
862,Deloria,Codding
863,Trixi,Brotherson
864,Cassondra,Braun
865,Nadine,Means
866,Alexine,Wesle
867,Chloris,Leopold
868,Blinni,Bivins
869,Harrietta,Hermes
870,Corly,Kiersten
871,Danny,Secrest
872,Calla,Brian
873,Adore,Goldina
874,Mathilda,Craggie
875,Jessamyn,Gemini
876,Kirbee,Dituri
877,Briney,Tatianas
878,Belinda,Macey
879,Paola,Regan
880,Tressa,Susannah
881,Sue,Vale
882,Coral,Zitvaa
883,Kaia,Stephie
884,Debee,Ruvolo
885,Felice,Minetta
886,Carmela,Cavan
887,Roberta,Nance
888,Aimil,Killigrew
889,Steffane,Hashim
890,Damaris,Abram
891,Margette,Nunci
892,Paola,Pauly
893,Jeanna,Sinegold
894,Myriam,Bertold
895,Maud,Idelia
896,Alie,Ventre
897,Laurene,Kalinda
898,Yolane,Skell
899,Dari,Bearnard
900,Rosabelle,Bow
901,Pierette,Alcott
902,Amelia,Jenness
903,Lila,Ferrell
904,Trixi,Daniele
905,Karly,Wallis
906,Mellicent,Sheng
907,Cassandra,Parsaye
908,Kittie,Madelene
909,Dotty,Valerio
910,Jaclyn,Douglass
911,Helsa,Norvol
912,Edee,Sikorski
913,Harrietta,Skell
914,Rosabelle,Joli
915,Tabbatha,Gavrila
916,Nyssa,Henrie
917,Emma,Redmond
918,Meg,Kauppi
919,Helena,Kravits
920,Reeba,Emerson
921,Babita,Zamora
922,Carmencita,Dannye
923,Rhoda,Hachmin
924,Kamilah,Lalitta
925,Hannis,Howlyn
926,Vivia,Colbert
927,Catharine,Teryn
928,Sarette,Jess
929,Frances,Helve
930,Pierette,Swanhildas
931,Jemie,Joeann
932,Fayre,Holtz
933,Queenie,Mintz
934,Leia,Darian
935,Jennica,Sasnett
936,Sheelagh,Abernon
937,Ardeen,Delacourt
938,Briney,Ax
939,Carmencita,Jenness
940,Amelia,Karna
941,Nita,Thar
942,Darci,Juliet
943,Mathilda,Rosalba
944,Cristine,Burch
945,Orelia,McClimans
946,Andeee,Zaslow
947,Letizia,Honoria
948,Aigneis,Rosemary
949,Chrystel,Seagraves
950,Nerta,Wenda
951,Tani,Eno
952,Tatiania,Birdella
953,Kelly,Berard
954,Jere,Bertold
955,Hallie,Tatianas
956,Trixi,Quent
957,Viki,Colp
958,Goldie,Sallyann
959,Rebeca,Newell
960,Eugine,Goth
961,Annabela,Iiette
962,Averyl,Joachim
963,Etta,Carbo
964,Babita,Cynar
965,Talya,Erminia
966,Elena,Ezar
967,Cathyleen,Philipp
968,Florencia,Sherrie
969,Therine,Cadmar
970,Ana,Phaidra
971,Bill,Daveta
972,Dari,Stelle
973,Jenilee,Oster
974,Sean,Ezar
975,Jany,Gert
976,Cyb,Donell
977,Siana,Destinee
978,Bill,Kosey
979,Belva,Kolnick
980,Orsola,Zeeba
981,Lucille,Flita
982,Berget,Bord
983,Roseline,Loleta
984,Madalyn,Grobe
985,Anthia,Leffen
986,Orelia,Wallis
987,Dulce,Tound
988,Verla,Baylor
989,Bee,Oriana
990,Binny,Boehike
991,Jacenta,Raul
992,Gianina,Irmine
993,Delilah,Arathorn
994,Adriana,Tomasina
995,Brietta,Elvyn
996,Frances,Faria
997,Loree,Toor
998,Tybie,Heisel
999,Angelique,Tayib
1000,Viviene,Radu